Workbook

Sheet סיכום
A1: 💰 התחשבנות שמואל מינסקי מול ישר שירותי קרקע
A2: מתעדכן אוטומטית לפי תאריך היום - אין צורך לעדכן ידנית (חוץ מהוצאות אישיות חדשות והלוואות עתידיות)
A4: 📊 מצב הלוואות (נכון להיום)
A5: הלוואה | B5: סכום מקורי | C5: תשלומים ששולמו | D5: ירד עד כה (₪) | E5: יתרה נוכחית (₪) | F5: ירד בפועל - בנק (₪) | G5: פער מול הלוח (₪) | H5: צפוי לפי הלוח מאז דף הבנק האחרון (₪)
A6: ישראכרט (1097674719) | B6: 96500 | C6: =COUNTIFS('לוח סילוקין - ישראכרט'!B3:B102,"<="&TODAY()) -> 7 | D6: =SUMIFS('לוח סילוקין - ישראכרט'!E3:E102,'לוח סילוקין - ישראכרט'!B3:B102,"<="&TODAY()) -> 9818.01 | E6: =IF(C6=0,B6,INDEX('לוח סילוקין - ישראכרט'!F3:F102,C6)) -> 91836.33 | F6: =SUMIFS('חיובים בפועל - בנק'!D3:D23,'חיובים בפועל - בנק'!B3:B23,"ישראכרט",'חיובים בפועל - בנק'!C3:C23,"הלוואה") -> 9664.31 | G6: =F6-D6 -> -153.7 | H6: =SUMIFS('לוח סילוקין - ישראכרט'!E3:E102,'לוח סילוקין - ישראכרט'!A3:A102,">"&COUNTIFS('חיובים בפועל - בנק'!B3:B24,"ישראכרט",'חיובים בפועל - בנק'!C3:C24,"הלוואה"),'לוח סילוקין - ישראכרט'!B3:B102,"<="&TODAY()) -> 0
A7: מגדל (1-25455296-4) | B7: 30000 | C7: =COUNTIFS('לוח סילוקין - מגדל'!B3:B18,"<="&TODAY()) -> 7 | D7: =SUMIFS('לוח סילוקין - מגדל'!E3:E18,'לוח סילוקין - מגדל'!B3:B18,"<="&TODAY()) -> 11107.48 | E7: =IF(C7=0,B7,INDEX('לוח סילוקין - מגדל'!F3:F18,C7)) -> 19417.86 | F7: =SUMIFS('חיובים בפועל - בנק'!D3:D23,'חיובים בפועל - בנק'!B3:B23,"מגדל",'חיובים בפועל - בנק'!C3:C23,"הלוואה") -> 9075.37 | G7: =F7-D7 -> -2032.11 | H7: =SUMIFS('לוח סילוקין - מגדל'!E3:E18,'לוח סילוקין - מגדל'!A3:A18,">"&COUNTIFS('חיובים בפועל - בנק'!B3:B24,"מגדל",'חיובים בפועל - בנק'!C3:C24,"הלוואה"),'לוח סילוקין - מגדל'!B3:B18,"<="&TODAY()) -> 2187.32
A8: סה"כ הלוואות | D8: =SUM(D6:D7) -> 20925.49 | E8: =SUM(E6:E7) -> 111254.19 | F8: =SUM(F6:F7) -> 18739.68 | G8: =F8-D8 -> -2185.81 | H8: =SUM(H6:H7) -> 2187.32
A10: 📋 הוצאות אישיות והעברות כסף פתוחות (שילם/העביר מהכיס, טרם הוחזר)
A11: פירוט | B11: סכום | C11: איך שולם
A12: חשמלאי גיל אוטוצטיציה | B12: 250 | C12: העברה
A13: חשמלאי גיל אוטוצטיציה | B13: 250 | C13: העברה
A14: קומר מנהל הודים | B14: 500 | C14: משיכת מזומן עם קוד
A15: רכישת כרטיסי דלק | B15: 1500 | C15: העברה
A16: העברה כספית לחשבון ישר - 09/09/2026 | B16: 5000 | C16: העברה בנקאית
A17: סה"כ הוצאות והעברות פתוחות | B17: =SUM(B12:B16) -> 7500
A19: 💸 תשלומים ששולמו לשמואל על חשבון החוב (מפחית מהסה"כ)
A20: תאריך | B20: סכום | C20: עבור מה
A21: טרם צוין | B21: 5000 | C21: החזר ה-5,000 שהעביר לישר - שולם בשיק
A22: סה"כ ששולם לשמואל | B22: =SUM(B21:B21) -> 5000
A24: 📌 סה"כ אם כוללים את כל יתרת ההלוואות (עתידי, לא הכל ירד עדיין) | E24: =E8+B17-B22 -> 113754.19
A26: ✅ מה שישר חייבת לשמואל עכשיו (ירד בפועל לפי הבנק + תשלומים לפי הלוח שהגיע מועדם מאז דף הבנק האחרון) - מתעדכן אוטומטית כל יום | E26: =F8+H8+B17-B22 -> 23427
A29: ℹ️ הערות
A30: • ישראכרט: 96,500 ₪, ריבית משתנה 9% (פריים+3.5%) - הלוח מניח שהריבית תישאר קבועה; אם התאגיד מודיע על שינוי ריבית, יש לעדכן את הלוח
A31: • מגדל: 30,000 ₪, ריבית קבועה צמודת מדד 3.3% - הסכומים עשויים להשתנות עקב שינויי מדד המחירים לצרכן
A32: אם שמואל שילם הוצאה חדשה מהכיס או העביר כסף לחברה - הוסף שורה בטבלת "הוצאות אישיות והעברות כסף פתוחות" למעלה
A33: • אם שילמת לשמואל על חשבון החוב - הוסף שורה בטבלת "תשלומים ששולמו" למעלה, הסה"כ יתעדכן אוטומטית
A34: חיובי מגדל של כ-327 ש"ח לחודש הם ביטוח (לא הלוואה) - מפורטים בגיליון חיובים בפועל - בנק ואינם נכללים בחוב
A35: ירד בפועל נלקח מדף הבנק (מעודכן ל-07/09/2026). תשלומים שהגיע מועדם אחרי דף הבנק האחרון נכנסים אוטומטית לפי לוח הסילוקין (עמודה H) עד שיתווספו מדף בנק חדש - אז הם עוברים לעמודה F לפי הסכום בפועל

Sheet לוח סילוקין - ישראכרט
A1: הלוואת ישראכרט 1097674719 - לוח סילוקין מלא
A2: תשלום # | B2: תאריך | C2: קרן (₪) | D2: ריבית (₪) | E2: סה"כ תשלום (₪) | F2: יתרה לאחר תשלום (₪)
A3: 1 | B3: 46114 | C3: 651.43 | D3: 904.19 | E3: 1555.62 | F3: 95848.57
A4: 2 | B4: 46144 | C4: 656.28 | D4: 709.02 | E4: 1365.3 | F4: 95192.29
A5: 3 | B5: 46175 | C5: 661.2 | D5: 727.63 | E5: 1388.83 | F5: 94531.09
A6: 4 | B6: 46205 | C6: 666.16 | D6: 699.27 | E6: 1365.43 | F6: 93864.93
A7: 5 | B7: 46236 | C7: 671.15 | D7: 717.49 | E7: 1388.64 | F7: 93193.78
A8: 6 | B8: 46267 | C8: 676.19 | D8: 712.36 | E8: 1388.55 | F8: 92517.59
A9: 7 | B9: 46297 | C9: 681.26 | D9: 684.38 | E9: 1365.64 | F9: 91836.33
A10: 8 | B10: 46328 | C10: 686.37 | D10: 701.98 | E10: 1388.35 | F10: 91149.96
A11: 9 | B11: 46358 | C11: 691.52 | D11: 674.26 | E11: 1365.78 | F11: 90458.44
A12: 10 | B12: 46389 | C12: 696.7 | D12: 691.44 | E12: 1388.14 | F12: 89761.74
A13: 11 | B13: 46420 | C13: 701.93 | D13: 686.12 | E13: 1388.05 | F13: 89059.81
A14: 12 | B14: 46448 | C14: 707.19 | D14: 614.88 | E14: 1322.07 | F14: 88352.62
... A102: 100 | B102: 49127 | C102: 1364.9 | D102: 10.16 | E102: 1375 | F102: 0

Sheet לוח סילוקין - מגדל
A1: וכנל
A2: תשלום # | B2: תאריך | C2: קרן (₪) | D2: ריבית (₪) | E2: סה"כ תשלום (₪) | F2: יתרה לאחר תשלום (₪)
A3: 1 | B3: 46122 | C3: 0 | D3: 89.51 | E3: 89.51 | F3: 30000
A4: 2 | B4: 46152 | C4: 0 | D4: 81.37 | E4: 81.37 | F4: 30000
A5: 3 | B5: 46183 | C5: 2104.82 | D5: 82.5 | E5: 2187.32 | F5: 27895.18
A6: 4 | B6: 46213 | C6: 2110.61 | D6: 76.71 | E6: 2187.32 | F6: 25784.57
A7: 5 | B7: 46244 | C7: 2116.41 | D7: 70.91 | E7: 2187.32 | F7: 23668.16
A8: 6 | B8: 46275 | C8: 2122.23 | D8: 65.09 | E8: 2187.32 | F8: 21545.93
A9: 7 | B9: 46305 | C9: 2128.07 | D9: 59.25 | E9: 2187.32 | F9: 19417.86
A10: 8 | B10: 46336 | C10: 2133.92 | D10: 53.4 | E10: 2187.32 | F10: 17283.94
A11: 9 | B11: 46366 | C11: 2139.79 | D11: 47.53 | E11: 2187.32 | F11: 15144.15
A12: 10 | B12: 46397 | C12: 2145.67 | D12: 41.65 | E12: 2187.32 | F12: 12998.48
A13: 11 | B13: 46428 | C13: 2151.57 | D13: 35.75 | E13: 2187.32 | F13: 10846.91
A14: 12 | B14: 46456 | C14: 2157.49 | D14: 29.83 | E14: 2187.32 | F14: 8689.42
... A18: 16 | B18: 46578 | C18: 2181.29 | D18: 6 | E18: 2187.29 | F18: 0

Sheet חיובים בפועל - בנק
A1: 🏦 חיובים בפועל לפי דף הבנק (מקור: תנועות בחשבון, נכון ל-11/10/2026)
A2: תאריך | B2: גורם | C2: סוג חיוב | D2: סכום (₪) | E2: אסמכתא | F2: הערה
A3: 46114 | B3: ישראכרט | C3: הלוואה | D3: 1579.41 | E3: 20543 | F3: חיוב בפועל 03/04
A4: 46144 | B4: ישראכרט | C4: הלוואה | D4: 1365.3 | E4: 20543 | F4: חיוב בפועל 03/05
A5: 46175 | B5: ישראכרט | C5: הלוואה | D5: 1362.1 | E5: 20543
A6: 46205 | B6: ישראכרט | C6: הלוואה | D6: 1346.01 | E6: 20543
A7: 46236 | B7: ישראכרט | C7: הלוואה | D7: 1353.28 | E7: 20543
A8: 46267 | B8: ישראכרט | C8: הלוואה | D8: 1348.97 | E8: 20543
A9: 46033 | B9: מגדל | C9: ביטוח | D9: 327.06 | E9: 602 | F9: ביטוח - לא הלוואה
A10: 46063 | B10: מגדל | C10: ביטוח | D10: 327.06 | E10: 602 | F10: ביטוח - לא הלוואה
A11: 46091 | B11: מגדל | C11: ביטוח | D11: 327 | E11: 602 | F11: ביטוח - לא הלוואה
A12: 46122 | B12: מגדל | C12: ביטוח | D12: 327.04 | E12: 602 | F12: ביטוח - לא הלוואה
A13: 46122 | B13: מגדל | C13: הלוואה | D13: 89.68 | E13: 602 | F13: תשלום 1 - ריבית בלבד
A14: 46152 | B14: מגדל | C14: ביטוח | D14: 327.11 | E14: 602 | F14: ביטוח - לא הלוואה
A15: 46152 | B15: מגדל | C15: הלוואה | D15: 81.84 | E15: 602 | F15: תשלום 2 - ריבית בלבד
A16: 46183 | B16: מגדל | C16: ביטוח | D16: 327.32 | E16: 602 | F16: ביטוח - לא הלוואה
A17: 46183 | B17: מגדל | C17: הלוואה | D17: 2225.44 | E17: 602 | F17: תשלום 3
A18: 46213 | B18: מגדל | C18: ביטוח | D18: 327.27 | E18: 602 | F18: ביטוח - לא הלוואה
A19: 46213 | B19: מגדל | C19: הלוואה | D19: 2219.08 | E19: 602 | F19: תשלום 4
A20: 46244 | B20: מגדל | C20: ביטוח | D20: 327.27 | E20: 602 | F20: ביטוח - לא הלוואה
... A23: 46306 | B23: מגדל | C23: הלוואה | D23: 2240.25 | E23: 602 | F23: תשלום 7 (10/10 חל בשבת - ירד 11/10)
A25: סה"כ הלוואת ישראכרט (ירד בפועל) | D25: =SUMIFS(D3:D23,B3:B23,"ישראכרט",C3:C23,"הלוואה") -> 9664.31
A26: סה"כ הלוואת מגדל (ירד בפועל) | D26: =SUMIFS(D3:D23,B3:B23,"מגדל",C3:C23,"הלוואה") -> 9075.37
A27: סה"כ הלוואות - ירד בפועל | D27: =D25+D26 -> 18739.68
A28: סה"כ ביטוח מגדל (לא נכלל בחוב) | D28: =SUMIFS(D3:D23,C3:C23,"ביטוח") -> 2617.13
A30: חיוב מגדל של כ-327 ש"ח בחודש (מ-11/01/2026) הוא ביטוח ולא החזר הלוואה - לא נכלל בחוב של ישר כלפי שמואל
A31: תשלומי מגדל בפועל גבוהים במעט מהלוח (הצמדת מדד); תשלומי ישראכרט נמוכים במעט (ריבית פריים משתנה) - ראה עמודת פער בגיליון סיכום
A32: כשמגיע דף בנק חדש - הוסף שורות בהמשך הטבלה והסכומים בגיליון סיכום יתעדכנו לבד
