Workbook

Sheet סיכום לפי לקוח
A1: לקוחות חייבים לנו | ישר שירותי קרקע לקבלן ולפועל בע"מ
A2: נכון ל-06/10/2026 · מקור: גיליון "ממתינים לתשלום" בתזרים · אחרי תקבולי 05-06/10 ושי-רם (09/10)
A4: לקוח | B4: יתרות קודמות | C4: אוגוסט | D4: ספטמבר | E4: סה"כ חוב (₪)
A5: גרייטדור | B5: =SUMIFS('פירוט חשבונות'!$D:$D,'פירוט חשבונות'!$A:$A,$A5,'פירוט חשבונות'!$B:$B,"קודם") -> 0 | C5: =SUMIFS('פירוט חשבונות'!$D:$D,'פירוט חשבונות'!$A:$A,$A5,'פירוט חשבונות'!$B:$B,"אוגוסט") -> 0 | D5: =SUMIFS('פירוט חשבונות'!$D:$D,'פירוט חשבונות'!$A:$A,$A5,'פירוט חשבונות'!$B:$B,"ספטמבר") -> 160451 | E5: =SUM(B5:D5) -> 160451
A6: ברגשטיין (בי אנד גי) | B6: =SUMIFS('פירוט חשבונות'!$D:$D,'פירוט חשבונות'!$A:$A,$A6,'פירוט חשבונות'!$B:$B,"קודם") -> 0 | C6: =SUMIFS('פירוט חשבונות'!$D:$D,'פירוט חשבונות'!$A:$A,$A6,'פירוט חשבונות'!$B:$B,"אוגוסט") -> 0 | D6: =SUMIFS('פירוט חשבונות'!$D:$D,'פירוט חשבונות'!$A:$A,$A6,'פירוט חשבונות'!$B:$B,"ספטמבר") -> 156403 | E6: =SUM(B6:D6) -> 156403
A7: אופיר חנון בניה ופיקוח | B7: =SUMIFS('פירוט חשבונות'!$D:$D,'פירוט חשבונות'!$A:$A,$A7,'פירוט חשבונות'!$B:$B,"קודם") -> 0 | C7: =SUMIFS('פירוט חשבונות'!$D:$D,'פירוט חשבונות'!$A:$A,$A7,'פירוט חשבונות'!$B:$B,"אוגוסט") -> 88425 | D7: =SUMIFS('פירוט חשבונות'!$D:$D,'פירוט חשבונות'!$A:$A,$A7,'פירוט חשבונות'!$B:$B,"ספטמבר") -> 66573 | E7: =SUM(B7:D7) -> 154998
A8: מצודת השלום | B8: =SUMIFS('פירוט חשבונות'!$D:$D,'פירוט חשבונות'!$A:$A,$A8,'פירוט חשבונות'!$B:$B,"קודם") -> 2367 | C8: =SUMIFS('פירוט חשבונות'!$D:$D,'פירוט חשבונות'!$A:$A,$A8,'פירוט חשבונות'!$B:$B,"אוגוסט") -> 91496 | D8: =SUMIFS('פירוט חשבונות'!$D:$D,'פירוט חשבונות'!$A:$A,$A8,'פירוט חשבונות'!$B:$B,"ספטמבר") -> 55833 | E8: =SUM(B8:D8) -> 149696
A9: רמא | B9: =SUMIFS('פירוט חשבונות'!$D:$D,'פירוט חשבונות'!$A:$A,$A9,'פירוט חשבונות'!$B:$B,"קודם") -> 0 | C9: =SUMIFS('פירוט חשבונות'!$D:$D,'פירוט חשבונות'!$A:$A,$A9,'פירוט חשבונות'!$B:$B,"אוגוסט") -> 0 | D9: =SUMIFS('פירוט חשבונות'!$D:$D,'פירוט חשבונות'!$A:$A,$A9,'פירוט חשבונות'!$B:$B,"ספטמבר") -> 112041 | E9: =SUM(B9:D9) -> 112041
A10: ש.ח.ן כרמלי | B10: =SUMIFS('פירוט חשבונות'!$D:$D,'פירוט חשבונות'!$A:$A,$A10,'פירוט חשבונות'!$B:$B,"קודם") -> 0 | C10: =SUMIFS('פירוט חשבונות'!$D:$D,'פירוט חשבונות'!$A:$A,$A10,'פירוט חשבונות'!$B:$B,"אוגוסט") -> 0 | D10: =SUMIFS('פירוט חשבונות'!$D:$D,'פירוט חשבונות'!$A:$A,$A10,'פירוט חשבונות'!$B:$B,"ספטמבר") -> 77231 | E10: =SUM(B10:D10) -> 77231
A11: שבט בנימין | B11: =SUMIFS('פירוט חשבונות'!$D:$D,'פירוט חשבונות'!$A:$A,$A11,'פירוט חשבונות'!$B:$B,"קודם") -> 0 | C11: =SUMIFS('פירוט חשבונות'!$D:$D,'פירוט חשבונות'!$A:$A,$A11,'פירוט חשבונות'!$B:$B,"אוגוסט") -> 0 | D11: =SUMIFS('פירוט חשבונות'!$D:$D,'פירוט חשבונות'!$A:$A,$A11,'פירוט חשבונות'!$B:$B,"ספטמבר") -> 26894 | E11: =SUM(B11:D11) -> 26894
A12: אביאלי אלומיניום | B12: =SUMIFS('פירוט חשבונות'!$D:$D,'פירוט חשבונות'!$A:$A,$A12,'פירוט חשבונות'!$B:$B,"קודם") -> 0 | C12: =SUMIFS('פירוט חשבונות'!$D:$D,'פירוט חשבונות'!$A:$A,$A12,'פירוט חשבונות'!$B:$B,"אוגוסט") -> 0 | D12: =SUMIFS('פירוט חשבונות'!$D:$D,'פירוט חשבונות'!$A:$A,$A12,'פירוט חשבונות'!$B:$B,"ספטמבר") -> 15904 | E12: =SUM(B12:D12) -> 15904
A13: נטליה הודיה | B13: =SUMIFS('פירוט חשבונות'!$D:$D,'פירוט חשבונות'!$A:$A,$A13,'פירוט חשבונות'!$B:$B,"קודם") -> 15803.8 | C13: =SUMIFS('פירוט חשבונות'!$D:$D,'פירוט חשבונות'!$A:$A,$A13,'פירוט חשבונות'!$B:$B,"אוגוסט") -> 0 | D13: =SUMIFS('פירוט חשבונות'!$D:$D,'פירוט חשבונות'!$A:$A,$A13,'פירוט חשבונות'!$B:$B,"ספטמבר") -> 0 | E13: =SUM(B13:D13) -> 15803.8
A14: סה"כ | B14: =SUM(B5:B13) -> 18170.8 | C14: =SUM(C5:C13) -> 179921 | D14: =SUM(D5:D13) -> 671330 | E14: =SUM(E5:E13) -> 869421.8
A16: בדיקה: סה"כ בפירוט = | C16: ='פירוט חשבונות'!D18 -> 869421.8

Sheet פירוט חשבונות
A1: פירוט חשבונות פתוחים - לקוחות חייבים לנו | ישר שירותי קרקע | נכון ל-06/10/2026
A3: לקוח | B3: תקופה | C3: חשבון / אמצעי תשלום | D3: סכום (₪) | E3: הערות
A4: אביאלי אלומיניום | B4: ספטמבר | C4: חשבון עסקה 40117 - עובדים ספטמבר | D4: 15904 | E4: ⏳ הופק 05/10/2026
A5: אופיר חנון בניה ופיקוח | B5: אוגוסט | C5: חשבון עסקה 40094 - עובדים אוגוסט | D5: 88425 | E5: ⏳ התקבלו 25,000 ₪ ב-25/09/2026 - נותרו 88,425 ₪
A6: אופיר חנון בניה ופיקוח | B6: ספטמבר | C6: חשבון עסקה 40120 - עובדים ספטמבר | D6: 66573 | E6: ⏳ הופק 05/10/2026
A7: ברגשטיין (בי אנד גי) | B7: ספטמבר | C7: חשבון עסקה 40119 - עובדים ספטמבר | D7: 156403 | E7: ⏳ הופק 05/10/2026
A8: גרייטדור | B8: ספטמבר | C8: חשבון עסקה 40113 - עובדים ספטמבר | D8: 146910 | E8: ⏳ הופק 05/10/2026
A9: גרייטדור | B9: ספטמבר | C9: חשבון עסקה 40111 - עובדי פסגת ליאם | D9: 13541 | E9: ⏳ הופק 05/10/2026
A10: מצודת השלום | B10: קודם | C10: עמלות ניכיון צ׳קים באופל בלאנס - לחיוב הלקוח | D10: 2367 | E10: עמלת ניכיון 1,458 (צ׳ק 14291, קבלה 1857 מ-22/07) + עמלת ניכיון 909 (צ׳קים 14297+14298, קבלה 1969 מ-23/08)
A11: מצודת השלום | B11: אוגוסט | C11: חשבון עסקה 40089 - עובדים אוגוסט | D11: 91496
A12: מצודת השלום | B12: ספטמבר | C12: חשבון עסקה 40118 - עובדים ספטמבר | D12: 55833 | E12: ⏳ הופק 05/10/2026
A13: נטליה הודיה | B13: קודם | C13: מזומן / נחשון | D13: 15803.8 | E13: ⏳ שולמו עד כה 7,000 ₪ במזומן: 4,000 ₪ + 3,000 ₪ ביום שלישי 08/09/2026. 💵 המזומן לא נכנס לבנק ולכן אינו ביתרת הבנק. ⚠️ לאימות: ה-4,000 נרשמו בדוח שהיה "נכון ל-09/09" - יש לוודא שזה תשלום נפרד מה-3,000 של 08/09 ולא כפילות. ממשיך בתשלומים שבועיים עד לסגירת היתרה
A14: רמא | B14: ספטמבר | C14: חשבון עסקה 40112 - עובדים ספטמבר | D14: 112041 | E14: ⏳ הופק 05/10/2026
A15: ש.ח.ן כרמלי | B15: ספטמבר | C15: חשבון עסקה 40121 - עובדים ספטמבר | D15: 77231 | E15: ⏳ הופק 05/10/2026
A16: שבט בנימין | B16: ספטמבר | C16: חשבון עסקה 40110 - עובדים אסף ספטמבר | D16: 19171 | E16: ⏳ הופק 22/09/2026
A17: שבט בנימין | B17: ספטמבר | C17: חשבון עסקה 40109 - תאגיד השידור | D17: 7723 | E17: ⏳ הופק 22/09/2026. חשבונית מס 50373 הופקה עליו 05/10 (אותו סכום - לא לספור פעמיים)
A18: סה"כ | D18: =SUM(D4:D17) -> 869421.8
